point_id,count,mae,bias,rmse,p50_abs_err,p90_abs_err,level_1,_abs
25,270,34.99058414135106,22.44321479936508,48.3566661170069,24.36539185591307,87.6425634916574,tail_30m,0.4074074074074074
25,270,34.99058414135106,22.44321479936508,48.3566661170069,24.36539185591307,87.6425634916574,tail_45m,0.24814814814814815
388,513,18.0242669546821,11.800224863514401,25.933086512018818,10.79026410868618,47.743916285325184,tail_30m,0.20662768031189083
388,513,18.0242669546821,11.800224863514401,25.933086512018818,10.79026410868618,47.743916285325184,tail_45m,0.11500974658869395
674,582,15.721790959641487,8.396618457407238,24.345697182492685,9.35453377812073,43.56487659156462,tail_30m,0.14776632302405499
674,582,15.721790959641487,8.396618457407238,24.345697182492685,9.35453377812073,43.56487659156462,tail_45m,0.0979381443298969
375,214,16.613186418027645,9.827117178353017,22.414975970946948,12.598572561874354,39.39808476162225,tail_30m,0.16822429906542055
375,214,16.613186418027645,9.827117178353017,22.414975970946948,12.598572561874354,39.39808476162225,tail_45m,0.06542056074766354
617,386,15.612072195890548,10.01273907402089,22.62044911234179,10.068912976224151,38.9605700226781,tail_30m,0.15544041450777202
617,386,15.612072195890548,10.01273907402089,22.62044911234179,10.068912976224151,38.9605700226781,tail_45m,0.07253886010362694
265,364,16.078818815939183,10.544261019116048,23.022863038698016,10.88880419854976,37.54698951752577,tail_30m,0.15384615384615385
265,364,16.078818815939183,10.544261019116048,23.022863038698016,10.88880419854976,37.54698951752577,tail_45m,0.07417582417582418
87,930,14.872633273748198,7.817903183711536,21.942816187994236,9.824682280796573,33.177783865771964,tail_30m,0.11505376344086021
87,930,14.872633273748198,7.817903183711536,21.942816187994236,9.824682280796573,33.177783865771964,tail_45m,0.05913978494623656
389,620,12.123367247961529,9.396098464268684,17.551831883000418,7.6046653039991,29.735296725134013,tail_30m,0.1
389,620,12.123367247961529,9.396098464268684,17.551831883000418,7.6046653039991,29.735296725134013,tail_45m,0.043548387096774194
94,1032,12.64739817112636,8.4105286436496,20.49862040476097,7.837271053998203,28.132048745563228,tail_30m,0.09108527131782945
94,1032,12.64739817112636,8.4105286436496,20.49862040476097,7.837271053998203,28.132048745563228,tail_45m,0.046511627906976744
344,998,11.538580086042847,8.794924019816735,16.33101628165673,7.603876592312297,27.94547516127537,tail_30m,0.07915831663326653
344,998,11.538580086042847,8.794924019816735,16.33101628165673,7.603876592312297,27.94547516127537,tail_45m,0.02004008016032064
629,687,11.435890439510832,5.415897076505229,17.70140376927143,7.68450745837967,27.4960004192531,tail_30m,0.0858806404657933
629,687,11.435890439510832,5.415897076505229,17.70140376927143,7.68450745837967,27.4960004192531,tail_45m,0.023289665211062592
322,496,12.895392906749771,3.2295020626534408,17.275957100326096,10.288137250574517,26.315892183567048,tail_30m,0.07459677419354839
322,496,12.895392906749771,3.2295020626534408,17.275957100326096,10.288137250574517,26.315892183567048,tail_45m,0.02620967741935484
47,1238,12.325737290408336,4.630167798666646,18.152226494569135,8.71026417958273,26.12955909434868,tail_30m,0.07108239095315025
47,1238,12.325737290408336,4.630167798666646,18.152226494569135,8.71026417958273,26.12955909434868,tail_45m,0.035541195476575124
320,324,12.837330594045193,-1.143300827734637,16.08677328395719,10.807672344336043,24.884586743576055,tail_30m,0.06481481481481481
320,324,12.837330594045193,-1.143300827734637,16.08677328395719,10.807672344336043,24.884586743576055,tail_45m,0.018518518518518517
641,802,10.59601299978626,7.198901565484792,14.613630144043347,7.688707871548248,23.652305525673615,tail_30m,0.057356608478802994
641,802,10.59601299978626,7.198901565484792,14.613630144043347,7.688707871548248,23.652305525673615,tail_45m,0.00997506234413965
254,747,8.64737761992871,5.8723853890114786,13.49993544251171,4.781793011004602,23.61033197854769,tail_30m,0.050870147255689425
254,747,8.64737761992871,5.8723853890114786,13.49993544251171,4.781793011004602,23.61033197854769,tail_45m,0.0214190093708166
312,734,11.757485362528827,3.996304707902883,19.1199604713729,7.886241233527549,23.386282510489874,tail_30m,0.07629427792915532
312,734,11.757485362528827,3.996304707902883,19.1199604713729,7.886241233527549,23.386282510489874,tail_45m,0.04223433242506812
284,426,12.60273313334141,0.6969318823443327,17.328289562051552,10.23238734413594,23.368592303184265,tail_30m,0.06103286384976526
284,426,12.60273313334141,0.6969318823443327,17.328289562051552,10.23238734413594,23.368592303184265,tail_45m,0.02112676056338028
246,483,11.413281854894578,-0.3668757927660267,14.305619304408133,9.565308383048041,23.302601736843698,tail_30m,0.033126293995859216
246,483,11.413281854894578,-0.3668757927660267,14.305619304408133,9.565308383048041,23.302601736843698,tail_45m,0.002070393374741201
292,1541,10.232620090651142,5.41309655827165,18.254621165808906,5.79300948689308,23.06746043597556,tail_30m,0.0681375730045425
292,1541,10.232620090651142,5.41309655827165,18.254621165808906,5.79300948689308,23.06746043597556,tail_45m,0.03698896820246593
373,1747,12.176842440826517,-3.959725327200771,16.36962557931871,10.110397340781667,22.876785833067935,tail_30m,0.04178591871780195
373,1747,12.176842440826517,-3.959725327200771,16.36962557931871,10.110397340781667,22.876785833067935,tail_45m,0.017744705208929592
622,290,10.699756542269954,4.31837987292853,15.554512223565668,7.638632986432782,22.637370702747376,tail_30m,0.06896551724137931
622,290,10.699756542269954,4.31837987292853,15.554512223565668,7.638632986432782,22.637370702747376,tail_45m,0.020689655172413793
625,479,9.943483196907973,5.455826105819406,13.404599904683282,7.414592750814975,22.49653449786345,tail_30m,0.05010438413361169
625,479,9.943483196907973,5.455826105819406,13.404599904683282,7.414592750814975,22.49653449786345,tail_45m,0.006263048016701462
568,1449,12.151699817027325,-9.58857085821133,14.381257855964872,11.5576597365995,22.25220503676946,tail_30m,0.015873015873015872
568,1449,12.151699817027325,-9.58857085821133,14.381257855964872,11.5576597365995,22.25220503676946,tail_45m,0.002070393374741201
620,416,9.638713570510454,3.0336081801577746,13.871220907574488,6.873359067740138,22.032828299574824,tail_30m,0.04807692307692308
620,416,9.638713570510454,3.0336081801577746,13.871220907574488,6.873359067740138,22.032828299574824,tail_45m,0.019230769230769232
591,930,9.892921316848623,5.266674638540141,15.888305063735645,6.189303688642079,21.93846228045294,tail_30m,0.05053763440860215
591,930,9.892921316848623,5.266674638540141,15.888305063735645,6.189303688642079,21.93846228045294,tail_45m,0.03225806451612903
69,829,11.7361369086898,-2.475791355234269,16.299062290240574,9.599194452314052,21.868586384548635,tail_30m,0.039806996381182146
69,829,11.7361369086898,-2.475791355234269,16.299062290240574,9.599194452314052,21.868586384548635,tail_45m,0.014475271411338963
242,339,9.930611545790576,3.705904108619253,13.146598716877977,7.286285356705388,21.564844204419586,tail_30m,0.05014749262536873
242,339,9.930611545790576,3.705904108619253,13.146598716877977,7.286285356705388,21.564844204419586,tail_45m,0.0029498525073746312
406,1771,13.111144286212957,1.0554732252208254,22.53522869472306,8.808338590689267,21.045822125362804,tail_30m,0.07114624505928854
406,1771,13.111144286212957,1.0554732252208254,22.53522869472306,8.808338590689267,21.045822125362804,tail_45m,0.05307735742518351
659,548,10.603892496599618,-0.09866401991348533,14.39880356553741,8.722697195872072,20.990048299064814,tail_30m,0.043795620437956206
659,548,10.603892496599618,-0.09866401991348533,14.39880356553741,8.722697195872072,20.990048299064814,tail_45m,0.023722627737226276
103,938,9.287220815021172,5.82767634285112,14.867928117089392,5.977195337159047,20.84651006328811,tail_30m,0.04477611940298507
103,938,9.287220815021172,5.82767634285112,14.867928117089392,5.977195337159047,20.84651006328811,tail_45m,0.024520255863539446
5,1897,9.28431407279198,5.001904204298939,13.795224532517198,6.541299313682231,20.841790740115012,tail_30m,0.03953610964681075
5,1897,9.28431407279198,5.001904204298939,13.795224532517198,6.541299313682231,20.841790740115012,tail_45m,0.00790722192936215
448,1956,10.934383781054384,-3.409743188080892,14.002657226477817,9.53505856410101,20.57122251760113,tail_30m,0.023006134969325152
448,1956,10.934383781054384,-3.409743188080892,14.002657226477817,9.53505856410101,20.57122251760113,tail_45m,0.007668711656441718
589,1640,9.591513297567252,3.288850392730791,14.023369408421306,6.750005478646145,20.47429320526244,tail_30m,0.04939024390243903
589,1640,9.591513297567252,3.288850392730791,14.023369408421306,6.750005478646145,20.47429320526244,tail_45m,0.020731707317073172
456,1764,10.326162212033605,1.9102024890272182,15.168733421824486,7.639034677721275,20.273249453484286,tail_30m,0.049886621315192746
456,1764,10.326162212033605,1.9102024890272182,15.168733421824486,7.639034677721275,20.273249453484286,tail_45m,0.022675736961451247
557,513,10.443117716317506,3.570482883890705,16.7912437314702,6.9126074761364045,20.22314819199542,tail_30m,0.06237816764132553
557,513,10.443117716317506,3.570482883890705,16.7912437314702,6.9126074761364045,20.22314819199542,tail_45m,0.03508771929824561
399,1376,9.019779021703696,3.476141800256943,12.56836179948478,6.887645786464674,20.08821740423793,tail_30m,0.034156976744186045
399,1376,9.019779021703696,3.476141800256943,12.56836179948478,6.887645786464674,20.08821740423793,tail_45m,0.00872093023255814
70,1442,9.440274749509747,-0.8322800291910979,12.0977241504806,7.46429222026803,19.913138417745476,tail_30m,0.02011095700416089
70,1442,9.440274749509747,-0.8322800291910979,12.0977241504806,7.46429222026803,19.913138417745476,tail_45m,0.0006934812760055479
289,964,9.840915305669117,0.1241589817860435,12.607034195288206,8.025530788647167,19.89292454901016,tail_30m,0.017634854771784232
289,964,9.840915305669117,0.1241589817860435,12.607034195288206,8.025530788647167,19.89292454901016,tail_45m,0.0031120331950207467
606,1087,10.03105807097632,5.321601570576575,17.238963546432487,6.290621326662553,19.817773179623217,tail_30m,0.04875804967801288
606,1087,10.03105807097632,5.321601570576575,17.238963546432487,6.290621326662553,19.817773179623217,tail_45m,0.02391904323827047
597,413,10.218637504541016,1.80386512241946,14.275948158702517,7.772977086060422,19.783268029045047,tail_30m,0.048426150121065374
597,413,10.218637504541016,1.80386512241946,14.275948158702517,7.772977086060422,19.783268029045047,tail_45m,0.01694915254237288
665,718,10.285798420861886,0.25082899518364316,13.012472956203462,9.010030452857775,19.748238098975975,tail_30m,0.03064066852367688
665,718,10.285798420861886,0.25082899518364316,13.012472956203462,9.010030452857775,19.748238098975975,tail_45m,0.004178272980501393
347,1516,10.55929566997895,-6.749489310472563,12.96958790903641,9.93779497104922,19.326442176415217,tail_30m,0.011873350923482849
347,1516,10.55929566997895,-6.749489310472563,12.96958790903641,9.93779497104922,19.326442176415217,tail_45m,0.0006596306068601583
440,1586,8.26619927735417,4.68416745820685,11.767887721318083,5.698041091520748,18.61958306870828,tail_30m,0.0308953341740227
440,1586,8.26619927735417,4.68416745820685,11.767887721318083,5.698041091520748,18.61958306870828,tail_45m,0.0037831021437578815
370,2505,9.631559890345317,-0.009178502855221081,14.489087760354597,7.058577990207326,18.525114276039847,tail_30m,0.03792415169660679
370,2505,9.631559890345317,-0.009178502855221081,14.489087760354597,7.058577990207326,18.525114276039847,tail_45m,0.017564870259481037
276,1852,8.390594252090127,2.47623996816357,11.951290494211296,6.350415927096812,17.774670821069513,tail_30m,0.024838012958963283
276,1852,8.390594252090127,2.47623996816357,11.951290494211296,6.350415927096812,17.774670821069513,tail_45m,0.004859611231101512
257,1015,9.619450357459028,-1.3558227146273216,13.271910250307691,7.961934790909687,17.38723610893229,tail_30m,0.03842364532019704
257,1015,9.619450357459028,-1.3558227146273216,13.271910250307691,7.961934790909687,17.38723610893229,tail_45m,0.014778325123152709
585,286,9.341312357647169,3.305214979167948,14.174588587612773,7.006776439331558,17.34357341786356,tail_30m,0.024475524475524476
585,286,9.341312357647169,3.305214979167948,14.174588587612773,7.006776439331558,17.34357341786356,tail_45m,0.013986013986013986
385,1718,8.586331637760678,-0.8198665413766584,11.17679827744476,6.952591146592193,17.204691165921925,tail_30m,0.013969732246798603
385,1718,8.586331637760678,-0.8198665413766584,11.17679827744476,6.952591146592193,17.204691165921925,tail_45m,0.002910360884749709
459,685,8.651041338727829,0.5467974794220778,12.588030898551892,6.48394254528683,17.121317468702948,tail_30m,0.035036496350364967
459,685,8.651041338727829,0.5467974794220778,12.588030898551892,6.48394254528683,17.121317468702948,tail_45m,0.017518248175182483
98,405,9.510700646772563,-0.4941105992626736,13.753784514200774,7.598783960971602,17.022999025714903,tail_30m,0.02962962962962963
98,405,9.510700646772563,-0.4941105992626736,13.753784514200774,7.598783960971602,17.022999025714903,tail_45m,0.009876543209876543
62,2313,7.929354365702617,3.337895597537936,11.526054123413303,5.664511392072001,16.605438225949488,tail_30m,0.0311284046692607
62,2313,7.929354365702617,3.337895597537936,11.526054123413303,5.664511392072001,16.605438225949488,tail_45m,0.009079118028534372
78,281,8.00269724300858,4.252012712669143,11.320184922118397,5.883129743012212,16.55091669365305,tail_30m,0.03914590747330961
78,281,8.00269724300858,4.252012712669143,11.320184922118397,5.883129743012212,16.55091669365305,tail_45m,0.0035587188612099642
327,220,8.259256169890177,3.5263922835654506,13.513841935184493,5.179602960583454,16.49539400844399,tail_30m,0.03636363636363636
327,220,8.259256169890177,3.5263922835654506,13.513841935184493,5.179602960583454,16.49539400844399,tail_45m,0.00909090909090909
580,773,8.253717463868535,-1.574016828994127,10.387971142532903,7.082662780740826,16.47566829590691,tail_30m,0.01034928848641656
580,773,8.253717463868535,-1.574016828994127,10.387971142532903,7.082662780740826,16.47566829590691,tail_45m,0.0
504,296,9.07062738764299,-0.827547713040176,11.7777927472868,7.913279311560224,16.20406537662847,tail_30m,0.030405405405405407
504,296,9.07062738764299,-0.827547713040176,11.7777927472868,7.913279311560224,16.20406537662847,tail_45m,0.0
481,1482,7.952963619276976,2.1275983623601182,11.494447046402122,5.9407444998208865,16.06624194737021,tail_30m,0.029014844804318488
481,1482,7.952963619276976,2.1275983623601182,11.494447046402122,5.9407444998208865,16.06624194737021,tail_45m,0.01349527665317139
572,961,7.679323481569557,2.027503805360858,12.018132635533716,5.7401647175324975,16.011486806257768,tail_30m,0.01768990634755463
572,961,7.679323481569557,2.027503805360858,12.018132635533716,5.7401647175324975,16.011486806257768,tail_45m,0.005202913631633715
593,536,7.524929973334583,1.829913319809909,10.747938483464438,5.571751309736181,15.961952208342675,tail_30m,0.033582089552238806
593,536,7.524929973334583,1.829913319809909,10.747938483464438,5.571751309736181,15.961952208342675,tail_45m,0.0037313432835820895
408,2173,7.518532636500222,2.7950141979818537,11.698096117819073,5.233490170990439,15.959743931584397,tail_30m,0.024850437183617118
408,2173,7.518532636500222,2.7950141979818537,11.698096117819073,5.233490170990439,15.959743931584397,tail_45m,0.009203865623561895
600,1052,8.704217920985911,-1.9227974417833191,10.96977130138754,7.492019676781521,15.787736026918175,tail_30m,0.01806083650190114
600,1052,8.704217920985911,-1.9227974417833191,10.96977130138754,7.492019676781521,15.787736026918175,tail_45m,0.0
571,1858,8.272587524782868,-2.117087953300161,11.0014459247687,6.975615226462182,15.552990646136589,tail_30m,0.015608180839612486
571,1858,8.272587524782868,-2.117087953300161,11.0014459247687,6.975615226462182,15.552990646136589,tail_45m,0.004305705059203444
249,338,7.36047712292804,3.5913783491894287,15.334811058607055,4.371686298047932,15.524814506166402,tail_30m,0.03254437869822485
249,338,7.36047712292804,3.5913783491894287,15.334811058607055,4.371686298047932,15.524814506166402,tail_45m,0.008875739644970414
355,1272,7.315020005834192,3.689654949843584,10.931879121678866,5.303367490470613,15.419139550853467,tail_30m,0.019654088050314465
355,1272,7.315020005834192,3.689654949843584,10.931879121678866,5.303367490470613,15.419139550853467,tail_45m,0.006289308176100629
608,1262,7.966331024899385,1.1351232706564809,12.604210022270824,5.659727311826078,15.376942720312721,tail_30m,0.030110935023771792
608,1262,7.966331024899385,1.1351232706564809,12.604210022270824,5.659727311826078,15.376942720312721,tail_45m,0.00792393026941363
333,1546,7.5048376978309435,1.3597719218789581,10.569997465249175,5.746565612998221,15.206473602031208,tail_30m,0.023932729624838292
333,1546,7.5048376978309435,1.3597719218789581,10.569997465249175,5.746565612998221,15.206473602031208,tail_45m,0.0038809831824062097
372,1735,8.121743322779595,-3.177235077098063,10.500972084371357,6.94649838691349,15.105453086617482,tail_30m,0.012103746397694525
372,1735,8.121743322779595,-3.177235077098063,10.500972084371357,6.94649838691349,15.105453086617482,tail_45m,0.004034582132564841
273,1456,7.407027756137127,-1.5144653535629127,9.365628081571675,6.321453826251954,14.892202468094297,tail_30m,0.006868131868131868
273,1456,7.407027756137127,-1.5144653535629127,9.365628081571675,6.321453826251954,14.892202468094297,tail_45m,0.0006868131868131869
275,1287,7.887674322045611,1.0008686713904662,10.667681280212213,6.450050605206741,14.83565790327979,tail_30m,0.019425019425019424
275,1287,7.887674322045611,1.0008686713904662,10.667681280212213,6.450050605206741,14.83565790327979,tail_45m,0.004662004662004662
434,506,6.9870863255875095,3.214624691259284,10.406850860669353,4.8000899799477,14.786448350356178,tail_30m,0.02766798418972332
434,506,6.9870863255875095,3.214624691259284,10.406850860669353,4.8000899799477,14.786448350356178,tail_45m,0.005928853754940711
449,911,7.999603020427652,-1.2792028993728781,10.739116616477498,6.780056934750913,14.235839148655216,tail_30m,0.026344676180021953
449,911,7.999603020427652,-1.2792028993728781,10.739116616477498,6.780056934750913,14.235839148655216,tail_45m,0.0043907793633369925
20,1166,6.885805680637008,2.0013522654921987,9.906762210268708,4.99354311491957,14.194299339602116,tail_30m,0.02144082332761578
20,1166,6.885805680637008,2.0013522654921987,9.906762210268708,4.99354311491957,14.194299339602116,tail_45m,0.004288164665523156
342,1238,6.520915599254523,3.1298273458413415,8.938299333980988,4.8062189782798725,14.184861631351835,tail_30m,0.012924071082390954
342,1238,6.520915599254523,3.1298273458413415,8.938299333980988,4.8062189782798725,14.184861631351835,tail_45m,0.0
627,571,7.110735559204549,1.3887288586013993,10.202807133328719,5.651563301222154,14.078710773626597,tail_30m,0.014010507880910683
627,571,7.110735559204549,1.3887288586013993,10.202807133328719,5.651563301222154,14.078710773626597,tail_45m,0.0035026269702276708
468,1283,7.236979566293094,0.8018578995424089,11.410866717958951,5.386769996485334,14.013425627451353,tail_30m,0.024162120031176928
468,1283,7.236979566293094,0.8018578995424089,11.410866717958951,5.386769996485334,14.013425627451353,tail_45m,0.010132501948558068
566,816,6.430836529921657,1.3811372266277233,9.26041856278618,4.855918089551828,13.968593558503738,tail_30m,0.015931372549019607
566,816,6.430836529921657,1.3811372266277233,9.26041856278618,4.855918089551828,13.968593558503738,tail_45m,0.0024509803921568627
424,1438,7.49610516158312,-4.319371247433774,9.047068656523429,6.824550379396021,13.88671504766197,tail_30m,0.0034770514603616135
424,1438,7.49610516158312,-4.319371247433774,9.047068656523429,6.824550379396021,13.88671504766197,tail_45m,0.0
615,312,7.22872070485694,3.43449849598516,10.733844860917294,5.443287412784317,13.768535171791177,tail_30m,0.035256410256410256
615,312,7.22872070485694,3.43449849598516,10.733844860917294,5.443287412784317,13.768535171791177,tail_45m,0.009615384615384616
498,1344,6.6885442387280865,1.4255343586354046,8.824590227010455,5.343091161141956,13.658494880418063,tail_30m,0.00744047619047619
498,1344,6.6885442387280865,1.4255343586354046,8.824590227010455,5.343091161141956,13.658494880418063,tail_45m,0.000744047619047619
609,1273,6.759258318617191,0.6199313578679465,9.064198839255223,5.372326660372725,13.570253585302355,tail_30m,0.00864100549882168
609,1273,6.759258318617191,0.6199313578679465,9.064198839255223,5.372326660372725,13.570253585302355,tail_45m,0.002356637863315004
383,1741,7.140915917106744,-3.8958316429746387,10.293936560472384,6.2162115426982005,13.487368425715458,tail_30m,0.0017231476163124641
383,1741,7.140915917106744,-3.8958316429746387,10.293936560472384,6.2162115426982005,13.487368425715458,tail_45m,0.0011487650775416428
574,666,7.302179130363204,-0.8502434257392852,11.209347005296395,5.8700537041262315,13.322174696610004,tail_30m,0.009009009009009009
574,666,7.302179130363204,-0.8502434257392852,11.209347005296395,5.8700537041262315,13.322174696610004,tail_45m,0.006006006006006006
84,1653,6.966337144120381,-2.513180877002332,9.414215872918486,5.785758083660475,13.261576917621522,tail_30m,0.009679370840895343
84,1653,6.966337144120381,-2.513180877002332,9.414215872918486,5.785758083660475,13.261576917621522,tail_45m,0.003629764065335753
379,697,6.894919224087769,-3.0584257448379644,8.864875758446562,6.203317843830877,13.078666623155256,tail_30m,0.007173601147776184
379,697,6.894919224087769,-3.0584257448379644,8.864875758446562,6.203317843830877,13.078666623155256,tail_45m,0.0014347202295552368
413,677,6.165219670909896,1.6529537400299732,8.196587175089107,5.030131017935737,13.018878375466326,tail_30m,0.005908419497784343
413,677,6.165219670909896,1.6529537400299732,8.196587175089107,5.030131017935737,13.018878375466326,tail_45m,0.0014771048744460858
386,1386,5.905344792736939,3.520174194142633,9.783537195963232,3.8454807803912345,12.894458902257883,tail_30m,0.015873015873015872
386,1386,5.905344792736939,3.520174194142633,9.783537195963232,3.8454807803912345,12.894458902257883,tail_45m,0.0021645021645021645
651,1148,6.671865552707831,-0.5025223564727694,9.00859854652398,5.6721735809001785,12.84578400403878,tail_30m,0.01132404181184669
651,1148,6.671865552707831,-0.5025223564727694,9.00859854652398,5.6721735809001785,12.84578400403878,tail_45m,0.003484320557491289
583,202,6.591160042414761,-0.8220244367360404,8.516332299623159,5.265352394059215,12.798133310358248,tail_30m,0.0049504950495049506
583,202,6.591160042414761,-0.8220244367360404,8.516332299623159,5.265352394059215,12.798133310358248,tail_45m,0.0
32,826,6.9470515203601195,-1.3636809627266853,9.458945821648319,5.821535623330295,12.752744473276405,tail_30m,0.010895883777239709
32,826,6.9470515203601195,-1.3636809627266853,9.458945821648319,5.821535623330295,12.752744473276405,tail_45m,0.0036319612590799033
640,2487,6.454974051089704,0.4523709830680392,8.776803837907849,5.273498252774992,12.711322742025585,tail_30m,0.009248090068355449
640,2487,6.454974051089704,0.4523709830680392,8.776803837907849,5.273498252774992,12.711322742025585,tail_45m,0.0004020908725371934
610,946,6.654304675803417,-1.0047096636198762,8.67204351942007,5.600959144005698,12.606878083199184,tail_30m,0.005285412262156448
610,946,6.654304675803417,-1.0047096636198762,8.67204351942007,5.600959144005698,12.606878083199184,tail_45m,0.0021141649048625794
34,419,7.799899439219178,-1.8865394858634212,10.212792203217084,6.8820834744862545,12.597396820502953,tail_30m,0.026252983293556086
34,419,7.799899439219178,-1.8865394858634212,10.212792203217084,6.8820834744862545,12.597396820502953,tail_45m,0.002386634844868735
582,1481,5.984988897693382,2.479133476534448,8.491277311728748,4.625112043517667,12.472066533999467,tail_30m,0.006076975016880486
582,1481,5.984988897693382,2.479133476534448,8.491277311728748,4.625112043517667,12.472066533999467,tail_45m,0.0027008777852802163
446,695,6.297435129245836,0.28984874899409746,8.054090090314832,5.405175890053183,12.2217367210603,tail_30m,0.0014388489208633094
446,695,6.297435129245836,0.28984874899409746,8.054090090314832,5.405175890053183,12.2217367210603,tail_45m,0.0
97,2628,5.821137225072016,1.4933360282912507,8.024556975447506,4.493867380317669,12.126424145467432,tail_30m,0.006468797564687975
97,2628,5.821137225072016,1.4933360282912507,8.024556975447506,4.493867380317669,12.126424145467432,tail_45m,0.00076103500761035
252,2591,6.730589564007908,-2.96714883489977,9.897021085703688,5.612459946981367,12.06441026471489,tail_30m,0.008104978772674644
252,2591,6.730589564007908,-2.96714883489977,9.897021085703688,5.612459946981367,12.06441026471489,tail_45m,0.005789270551910459
307,1307,6.989716491918483,-0.1839440518548609,12.572246794146825,5.164319690570515,12.01088351028419,tail_30m,0.02218821729150727
307,1307,6.989716491918483,-0.1839440518548609,12.572246794146825,5.164319690570515,12.01088351028419,tail_45m,0.015302218821729151
630,261,6.851232954848443,-3.6408585792264834,8.40702535879952,6.785716535009339,11.985414328016969,tail_30m,0.0038314176245210726
630,261,6.851232954848443,-3.6408585792264834,8.40702535879952,6.785716535009339,11.985414328016969,tail_45m,0.0
381,999,6.337531824461397,-1.5457003513529723,8.279440749308844,5.296378171356789,11.914368971910815,tail_30m,0.007007007007007007
381,999,6.337531824461397,-1.5457003513529723,8.279440749308844,5.296378171356789,11.914368971910815,tail_45m,0.001001001001001001
330,1736,6.2953731968224504,-1.1992318335287409,8.905121367689532,5.234489718025399,11.870699971070854,tail_30m,0.008064516129032258
330,1736,6.2953731968224504,-1.1992318335287409,8.905121367689532,5.234489718025399,11.870699971070854,tail_45m,0.004608294930875576
444,910,5.604491378992005,2.7778530489176885,7.270052869810466,4.431627013144728,11.859422923365772,tail_30m,0.001098901098901099
444,910,5.604491378992005,2.7778530489176885,7.270052869810466,4.431627013144728,11.859422923365772,tail_45m,0.0
277,1540,6.042387368480488,2.800005341610623,10.15748410639179,4.249614034309985,11.852025171971938,tail_30m,0.012987012987012988
277,1540,6.042387368480488,2.800005341610623,10.15748410639179,4.249614034309985,11.852025171971938,tail_45m,0.00974025974025974
411,1984,5.962815134616308,-2.5666993665972524,7.440465944721564,5.171615158822419,11.824623890385952,tail_30m,0.0010080645161290322
411,1984,5.962815134616308,-2.5666993665972524,7.440465944721564,5.171615158822419,11.824623890385952,tail_45m,0.0
422,229,6.827088148102903,1.795628390655665,10.74129639933423,5.2449817143185165,11.715437692140494,tail_30m,0.017467248908296942
422,229,6.827088148102903,1.795628390655665,10.74129639933423,5.2449817143185165,11.715437692140494,tail_45m,0.004366812227074236
599,1271,6.139552960274657,-0.5585184444030907,9.075099205883562,4.828736866415564,11.688965903390208,tail_30m,0.010228166797797011
599,1271,6.139552960274657,-0.5585184444030907,9.075099205883562,4.828736866415564,11.688965903390208,tail_45m,0.004720692368214005
429,1189,6.185699087993968,0.860708438680599,9.06341900544309,4.605839493621485,11.604687761908362,tail_30m,0.021026072329688814
429,1189,6.185699087993968,0.860708438680599,9.06341900544309,4.605839493621485,11.604687761908362,tail_45m,0.002523128679562658
596,1155,5.276645529111325,2.346676543711933,7.009878495361903,4.10758766197295,11.503105502920041,tail_30m,0.0008658008658008658
596,1155,5.276645529111325,2.346676543711933,7.009878495361903,4.10758766197295,11.503105502920041,tail_45m,0.0
442,709,5.881227673694755,3.102366111791531,9.21651292479097,4.478251501763626,11.492254825529754,tail_30m,0.005641748942172073
442,709,5.881227673694755,3.102366111791531,9.21651292479097,4.478251501763626,11.492254825529754,tail_45m,0.004231311706629055
594,1213,5.240225962105611,2.1073975663569886,7.5731658342200285,3.806767524758472,11.483439442396042,tail_30m,0.009068425391591096
594,1213,5.240225962105611,2.1073975663569886,7.5731658342200285,3.806767524758472,11.483439442396042,tail_45m,0.0008244023083264633
420,1595,6.328960726797215,-3.223325276129956,8.260079439826677,5.8266092701255765,11.425982116050887,tail_30m,0.003134796238244514
420,1595,6.328960726797215,-3.223325276129956,8.260079439826677,5.8266092701255765,11.425982116050887,tail_45m,0.0018808777429467085
73,1243,5.889128287414868,-0.12677226154629948,8.020203185504334,4.846486527319364,11.297662574212186,tail_30m,0.012067578439259855
73,1243,5.889128287414868,-0.12677226154629948,8.020203185504334,4.846486527319364,11.297662574212186,tail_45m,0.0008045052292839903
77,1063,5.471277367697781,1.8072492370784705,8.466542546516084,3.897951714240726,11.21441250256377,tail_30m,0.011288805268109126
77,1063,5.471277367697781,1.8072492370784705,8.466542546516084,3.897951714240726,11.21441250256377,tail_45m,0.0037629350893697085
184,834,6.443676287497105,-1.8469975858477523,12.194466419518866,5.277522323502808,11.202607577731301,tail_30m,0.011990407673860911
184,834,6.443676287497105,-1.8469975858477523,12.194466419518866,5.277522323502808,11.202607577731301,tail_45m,0.004796163069544364
352,820,6.004636699568477,0.3053603589974691,9.528400281259511,4.952968907474046,11.197159342924309,tail_30m,0.0024390243902439024
352,820,6.004636699568477,0.3053603589974691,9.528400281259511,4.952968907474046,11.197159342924309,tail_45m,0.0012195121951219512
354,394,5.82207551503102,0.03745781854610494,7.321340277002615,5.045712639663261,11.195970592747576,tail_30m,0.0
354,394,5.82207551503102,0.03745781854610494,7.321340277002615,5.045712639663261,11.195970592747576,tail_45m,0.0
613,240,6.096332829948292,-1.1450312343672568,8.077880583728586,5.28224646185895,11.007306679716663,tail_30m,0.008333333333333333
613,240,6.096332829948292,-1.1450312343672568,8.077880583728586,5.28224646185895,11.007306679716663,tail_45m,0.004166666666666667
75,1138,5.418939220687418,0.08706917728038499,6.952677659984517,4.5364270680961525,10.8016080738106,tail_30m,0.0017574692442882249
75,1138,5.418939220687418,0.08706917728038499,6.952677659984517,4.5364270680961525,10.8016080738106,tail_45m,0.0
270,1697,5.697533188838598,-1.925887484185782,7.106789328745125,5.053438703025275,10.745555287149019,tail_30m,0.002357100766057749
270,1697,5.697533188838598,-1.925887484185782,7.106789328745125,5.053438703025275,10.745555287149019,tail_45m,0.0
401,1619,5.829816598874583,0.0914103220844901,8.964241798381945,4.3476824806070695,10.744281949391175,tail_30m,0.014206300185299567
401,1619,5.829816598874583,0.0914103220844901,8.964241798381945,4.3476824806070695,10.744281949391175,tail_45m,0.008029647930821495
304,1264,5.585360973941697,1.781767710883525,9.737856696662767,3.675364399486032,10.733807242285094,tail_30m,0.01977848101265823
304,1264,5.585360973941697,1.781767710883525,9.737856696662767,3.675364399486032,10.733807242285094,tail_45m,0.007911392405063292
484,685,5.552206245965379,0.7409751338523745,7.607215830024045,4.443433028964755,10.614238025194561,tail_30m,0.004379562043795621
484,685,5.552206245965379,0.7409751338523745,7.607215830024045,4.443433028964755,10.614238025194561,tail_45m,0.00145985401459854
40,2815,5.5508664126551786,1.1448163395651,8.320574241942918,4.173614602134062,10.582295535321979,tail_30m,0.01172291296625222
40,2815,5.5508664126551786,1.1448163395651,8.320574241942918,4.173614602134062,10.582295535321979,tail_45m,0.003907637655417406
286,1592,5.164970744624106,0.6137731778687007,6.900846934175693,4.162889113217595,10.462055703758027,tail_30m,0.00314070351758794
286,1592,5.164970744624106,0.6137731778687007,6.900846934175693,4.162889113217595,10.462055703758027,tail_45m,0.0
573,1155,5.9336981451369235,-5.301554159255362,6.853244730360148,5.7006030820230755,10.449249215803095,tail_30m,0.0008658008658008658
573,1155,5.9336981451369235,-5.301554159255362,6.853244730360148,5.7006030820230755,10.449249215803095,tail_45m,0.0
660,1225,4.821100711122857,1.8974613908308011,6.413497133770449,3.7024663181470387,10.116823286758521,tail_30m,0.0008163265306122449
660,1225,4.821100711122857,1.8974613908308011,6.413497133770449,3.7024663181470387,10.116823286758521,tail_45m,0.0
1,1361,5.899088922515894,-2.089237351569021,9.745417466435306,4.889146716175713,10.01602365699663,tail_30m,0.009551800146950772
1,1361,5.899088922515894,-2.089237351569021,9.745417466435306,4.889146716175713,10.01602365699663,tail_45m,0.0073475385745775165
496,1966,5.190279518340069,-0.40299144299712336,7.207767959105185,4.175283304004607,9.988778374379542,tail_30m,0.007121057985757884
496,1966,5.190279518340069,-0.40299144299712336,7.207767959105185,4.175283304004607,9.988778374379542,tail_45m,0.001525940996948118
453,1553,5.062980652202531,-0.27201029599399684,6.633354435693526,4.264812298470172,9.964874378161547,tail_30m,0.0019317450096587251
453,1553,5.062980652202531,-0.27201029599399684,6.633354435693526,4.264812298470172,9.964874378161547,tail_45m,0.000643915003219575
611,1468,4.955273665435349,-2.499622413052813,6.090367834563562,4.387807353211084,9.71497493059615,tail_30m,0.0
611,1468,4.955273665435349,-2.499622413052813,6.090367834563562,4.387807353211084,9.71497493059615,tail_45m,0.0
300,541,5.211622720780307,-0.2249945476279735,8.54238623424318,3.9291832567973763,9.588507553451421,tail_30m,0.009242144177449169
300,541,5.211622720780307,-0.2249945476279735,8.54238623424318,3.9291832567973763,9.588507553451421,tail_45m,0.009242144177449169
512,1941,4.686273906763449,1.4428798212631224,6.4243226308734505,3.5552638581750884,9.578624150948928,tail_30m,0.002575991756826378
512,1941,4.686273906763449,1.4428798212631224,6.4243226308734505,3.5552638581750884,9.578624150948928,tail_45m,0.0
441,1214,4.776614796947153,0.42347082151671617,6.211610784445971,4.005972948437369,9.24984566916643,tail_30m,0.0008237232289950577
441,1214,4.776614796947153,0.42347082151671617,6.211610784445971,4.005972948437369,9.24984566916643,tail_45m,0.0
229,1241,4.445243583885726,0.435615921762322,5.7842102547586665,3.4942988139418745,9.181951516024888,tail_30m,0.0
229,1241,4.445243583885726,0.435615921762322,5.7842102547586665,3.4942988139418745,9.181951516024888,tail_45m,0.0
338,1731,4.866229210516593,-1.1199558479957457,6.4122720635418755,4.183468672862009,8.851410683128563,tail_30m,0.004043905257076834
338,1731,4.866229210516593,-1.1199558479957457,6.4122720635418755,4.183468672862009,8.851410683128563,tail_45m,0.0
454,921,4.273971987264946,0.2754065356723377,5.799048715039284,3.465757171281602,8.75138848553029,tail_30m,0.002171552660152009
454,921,4.273971987264946,0.2754065356723377,5.799048715039284,3.465757171281602,8.75138848553029,tail_45m,0.0010857763300760044
