order_id,point_id,city_id,delivery_method,delivery_at_client,weekday,hour,is_weekend,items_qty_total_all,items_lines_all,items_unique_all,point_hour,items_qty_total_all_log1p,items_qty_total_all_sq,items_qty_x_unique,y_true,y_pred,abs_err,err
40403246,249,13,courier,0,2,10,0,2,2,2,249__10,1.0986123,4.0,4.0,225.0,17.48677100110442,207.51322899889558,207.51322899889558
40196604,370,32,courier,0,6,9,1,14,6,5,370__9,2.7080503,196.0,70.0,231.0,23.685156390014534,207.31484360998547,207.31484360998547
40331695,629,234,courier,0,2,13,0,5,5,5,629__13,1.7917595,25.0,25.0,227.0,27.445436657227752,199.55456334277224,199.55456334277224
40308729,383,13,courier,0,1,8,0,6,4,4,383__8,1.9459101,36.0,24.0,213.0,16.274585343568365,196.72541465643164,196.72541465643164
40402078,307,7,courier,0,2,9,0,11,6,5,307__9,2.4849067,121.0,55.0,219.0,22.47104511915615,196.52895488084386,196.52895488084386
40293797,572,220,pickup,0,1,4,0,10,6,6,572__4,2.3978953,100.0,60.0,222.0,26.1593237095688,195.8406762904312,195.8406762904312
40306149,608,1,pickup,0,2,6,0,6,4,4,608__6,1.9459101,36.0,24.0,217.0,25.262607220380353,191.73739277961965,191.73739277961965
40327350,184,1,courier,0,2,9,0,14,9,9,184__9,2.7080503,196.0,126.0,211.0,22.786056162986064,188.21394383701394,188.21394383701394
40327462,184,1,courier,0,2,9,0,8,7,6,184__9,2.1972246,64.0,48.0,205.0,22.012686278502272,182.98731372149774,182.98731372149774
40334976,606,98,courier,0,4,11,0,4,4,4,606__11,1.609438,16.0,16.0,206.0,24.194370696592948,181.80562930340704,181.80562930340704
40398179,352,103,courier,0,2,7,0,15,7,5,352__7,2.7725887,225.0,75.0,204.0,27.149868400032435,176.85013159996757,176.85013159996757
40368988,406,16,courier,0,6,14,1,17,8,7,406__14,2.8903718,289.0,119.0,212.0,36.887843318289256,175.11215668171076,175.11215668171076
40328758,386,126,courier,0,2,10,0,20,8,8,386__10,3.0445225,400.0,160.0,188.0,20.04079366900413,167.95920633099587,167.95920633099587
40368852,406,16,courier,0,6,14,1,7,6,5,406__14,2.0794415,49.0,35.0,195.0,31.011006968492243,163.98899303150776,163.98899303150776
40226091,5,6,courier,0,2,11,0,16,9,6,5__11,2.8332133,256.0,96.0,181.0,22.109468642708773,158.89053135729122,158.89053135729122
40338606,606,98,courier,0,4,11,0,17,10,10,606__11,2.8903718,289.0,170.0,178.0,27.01865329512914,150.98134670487087,150.98134670487087
40313576,276,95,pickup,0,1,12,0,7,7,6,276__12,2.0794415,49.0,42.0,172.0,21.52332588157067,150.47667411842934,150.47667411842934
38959292,25,20,courier,0,6,14,1,9,5,5,25__14,2.3025851,81.0,45.0,209.0,59.47331828189744,149.52668171810257,149.52668171810257
40369071,406,16,courier,0,6,14,1,4,3,3,406__14,1.609438,16.0,12.0,176.0,32.066729303755984,143.93327069624402,143.93327069624402
40305954,373,1,pickup,0,1,3,0,5,4,3,373__3,1.7917595,25.0,15.0,183.0,39.206314457876914,143.7936855421231,143.7936855421231
40284635,383,13,pickup,0,6,12,1,5,5,5,383__12,1.7917595,25.0,25.0,163.0,19.32003134874904,143.67996865125096,143.67996865125096
40324869,408,1,courier,0,2,7,0,8,5,5,408__7,2.1972246,64.0,40.0,166.0,22.62240352854579,143.3775964714542,143.3775964714542
38940047,25,20,courier,0,5,9,1,11,5,5,25__9,2.4849067,121.0,55.0,205.0,62.21715855381284,142.78284144618715,142.78284144618715
40335452,252,1,courier,0,4,7,0,3,2,2,252__7,1.3862944,9.0,6.0,161.0,19.34535778861263,141.65464221138737,141.65464221138737
40356019,406,16,courier,0,5,14,1,9,7,5,406__14,2.3025851,81.0,45.0,175.0,33.53403385940095,141.46596614059905,141.46596614059905
38958667,25,20,courier,0,6,13,1,1,1,1,25__13,0.6931472,1.0,1.0,186.0,45.365028206278105,140.6349717937219,140.6349717937219
40148502,277,7,courier,0,2,10,0,8,5,5,277__10,2.1972246,64.0,40.0,157.0,16.67937999155355,140.32062000844644,140.32062000844644
40369685,406,16,courier,0,6,15,1,25,10,7,406__15,3.2580965,625.0,175.0,173.0,33.98866796375756,139.01133203624244,139.01133203624244
40254505,94,65,courier,0,4,14,0,3,2,2,94__14,1.3862944,9.0,6.0,159.0,24.95095834580045,134.04904165419956,134.04904165419956
40401839,1,1,courier,0,2,9,0,5,5,5,1__9,1.7917595,25.0,25.0,153.0,19.064956123953177,133.93504387604682,133.93504387604682
38940516,25,20,courier,0,5,10,1,4,4,4,25__10,1.609438,16.0,16.0,178.0,45.261237621121914,132.73876237887808,132.73876237887808
40345786,347,1,courier,0,4,17,0,5,5,5,347__17,1.7917595,25.0,25.0,161.0,28.706278486875473,132.29372151312452,132.29372151312452
40416925,355,98,hall,0,3,11,0,6,6,6,355__11,1.9459101,36.0,36.0,146.0,13.96336624171039,132.0366337582896,132.0366337582896
40304722,1,1,courier,0,1,2,0,25,9,5,1__2,3.2580965,625.0,125.0,151.0,20.03295686983909,130.9670431301609,130.9670431301609
40215887,69,53,courier,0,1,9,0,1,1,1,69__9,0.6931472,1.0,1.0,155.0,24.38970948397809,130.6102905160219,130.6102905160219
38950332,25,20,courier,0,5,17,1,13,7,7,25__17,2.6390574,169.0,91.0,195.0,65.84847436498468,129.15152563501533,129.15152563501533
40174189,442,7,courier,0,5,7,1,15,7,6,442__7,2.7725887,225.0,90.0,154.0,24.92750618922062,129.07249381077938,129.07249381077938
40357405,406,16,courier,0,5,16,1,4,4,4,406__16,1.609438,16.0,16.0,153.0,24.186005423626785,128.8139945763732,128.8139945763732
40254892,94,65,courier,0,4,14,0,5,5,5,94__14,1.7917595,25.0,25.0,151.0,22.505375315836268,128.49462468416374,128.49462468416374
40331980,674,12,courier,0,2,13,0,10,7,5,674__13,2.3978953,100.0,50.0,164.0,36.18072975925656,127.81927024074344,127.81927024074344
40387379,292,102,courier,0,1,8,0,8,8,8,292__8,2.1972246,64.0,64.0,151.0,23.232909858158564,127.76709014184144,127.76709014184144
38949341,25,20,courier,0,5,16,1,18,9,7,25__16,2.944439,324.0,126.0,194.0,66.3935531004129,127.6064468995871,127.6064468995871
38959276,25,20,courier,0,6,14,1,8,5,5,25__14,2.1972246,64.0,40.0,187.0,59.45503191819838,127.54496808180161,127.54496808180161
40334935,252,1,courier,0,4,7,0,7,7,7,252__7,2.0794415,49.0,49.0,149.0,22.436215114577877,126.56378488542212,126.56378488542212
38949198,25,20,courier,0,5,16,1,17,13,10,25__16,2.8903718,289.0,170.0,199.0,73.92689815645392,125.07310184354608,125.07310184354608
40357363,406,16,courier,0,5,16,1,17,8,5,406__16,2.8903718,289.0,85.0,152.0,30.713931350418004,121.28606864958199,121.28606864958199
38958646,25,20,courier,0,6,13,1,15,7,5,25__13,2.7725887,225.0,75.0,180.0,59.23051736249128,120.76948263750873,120.76948263750873
39031134,25,20,courier,0,5,16,1,4,3,3,25__16,1.609438,16.0,12.0,177.0,56.35760155539906,120.64239844460094,120.64239844460094
40215749,69,53,courier,0,1,9,0,16,9,6,69__9,2.8332133,256.0,96.0,165.0,44.444623466462204,120.5553765335378,120.5553765335378
40367364,406,16,courier,0,6,13,1,21,9,5,406__13,3.0910425,441.0,105.0,149.0,28.602778572632303,120.3972214273677,120.3972214273677
38958718,25,20,courier,0,6,13,1,11,8,8,25__13,2.4849067,121.0,88.0,170.0,50.243157630387266,119.75684236961274,119.75684236961274
38939528,25,20,courier,0,5,9,1,11,7,5,25__9,2.4849067,121.0,55.0,181.0,61.51896131253213,119.48103868746787,119.48103868746787
38959964,25,20,courier,0,6,14,1,3,3,3,25__14,1.3862944,9.0,9.0,163.0,44.909931950880555,118.09006804911945,118.09006804911945
40339378,312,98,courier,0,4,12,0,14,10,9,312__12,2.7080503,196.0,126.0,152.0,34.586876950438224,117.41312304956178,117.41312304956178
40357972,406,16,courier,0,5,16,1,7,7,4,406__16,2.0794415,49.0,28.0,143.0,25.766521038109516,117.23347896189048,117.23347896189048
40245635,571,32,courier,0,4,5,0,3,2,2,571__5,1.3862944,9.0,6.0,144.0,26.806991080493155,117.19300891950684,117.19300891950684
40334768,292,102,courier,0,4,6,0,5,5,5,292__6,1.7917595,25.0,25.0,138.0,21.9855477908445,116.01445220915551,116.01445220915551
38950213,25,20,courier,0,5,17,1,9,6,6,25__17,2.3025851,81.0,54.0,180.0,64.6357872789298,115.3642127210702,115.3642127210702
40201519,5,6,pickup,0,6,14,1,7,5,5,5__14,2.0794415,49.0,35.0,139.0,23.702261575120676,115.29773842487933,115.29773842487933
40334749,292,102,courier,0,4,6,0,25,18,17,292__6,3.2580965,625.0,425.0,136.0,21.417219378474897,114.5827806215251,114.5827806215251
40367416,406,16,courier,0,6,13,1,11,7,7,406__13,2.4849067,121.0,77.0,149.0,34.50231368619598,114.49768631380402,114.49768631380402
38948850,25,20,courier,0,5,16,1,10,6,6,25__16,2.3978953,100.0,60.0,184.0,69.54087709189069,114.45912290810931,114.45912290810931
40213884,599,132,courier,0,1,4,0,10,7,7,599__4,2.3978953,100.0,70.0,134.0,20.402200569559003,113.597799430441,113.597799430441
40335415,292,102,courier,0,4,6,0,15,12,12,292__6,2.7725887,225.0,180.0,134.0,20.60670580912343,113.39329419087657,113.39329419087657
40352183,406,16,courier,0,5,12,1,14,9,8,406__12,2.7080503,196.0,112.0,148.0,34.68647510336699,113.31352489663301,113.31352489663301
40216932,468,1,courier,0,1,11,0,10,7,5,468__11,2.3978953,100.0,50.0,130.0,16.710498607890454,113.28950139210954,113.28950139210954
40077619,84,13,pickup,0,3,9,0,10,7,7,84__9,2.3978953,100.0,70.0,128.0,15.01675929421043,112.98324070578957,112.98324070578957
40265348,330,1,courier,0,5,9,1,6,6,5,330__9,1.9459101,36.0,30.0,133.0,20.24391884330697,112.75608115669303,112.75608115669303
38958852,25,20,courier,0,6,13,1,7,6,5,25__13,2.0794415,49.0,35.0,168.0,55.7771992624033,112.2228007375967,112.2228007375967
38979692,25,20,courier,0,1,17,0,9,6,5,25__17,2.3025851,81.0,45.0,175.0,62.777924978407825,112.22207502159218,112.22207502159218
40256810,94,65,courier,0,4,15,0,22,13,10,94__15,3.1354942,484.0,220.0,142.0,29.963608261120207,112.03639173887979,112.03639173887979
40367875,406,16,courier,0,6,13,1,10,7,6,406__13,2.3978953,100.0,60.0,143.0,31.096820742678197,111.9031792573218,111.9031792573218
40397156,617,73,courier,0,1,16,0,8,6,6,617__16,2.1972246,64.0,48.0,137.0,25.17255980541496,111.82744019458504,111.82744019458504
40296430,373,1,hall,0,0,10,0,1,1,1,373__10,0.6931472,1.0,1.0,123.0,11.838145570285075,111.16185442971492,111.16185442971492
40336400,606,98,pickup,0,4,11,0,9,5,5,606__11,2.3025851,81.0,45.0,139.0,27.890655249847217,111.10934475015279,111.10934475015279
40351799,406,16,courier,0,5,11,1,1,1,1,406__11,0.6931472,1.0,1.0,131.0,20.03408968148935,110.96591031851065,110.96591031851065
40357880,406,16,courier,0,5,16,1,6,5,5,406__16,1.9459101,36.0,30.0,138.0,27.080006716917584,110.91999328308242,110.91999328308242
40241269,87,54,courier,0,3,15,0,5,4,4,87__15,1.7917595,25.0,20.0,149.0,38.75446172641223,110.24553827358777,110.24553827358777
40414165,640,67,pickup,0,3,8,0,17,12,11,640__8,2.8903718,289.0,187.0,130.0,19.77427457691796,110.22572542308204,110.22572542308204
40331928,674,12,courier,0,2,13,0,15,10,10,674__13,2.7725887,225.0,150.0,158.0,47.8152630675567,110.1847369324433,110.1847369324433
40367755,406,16,courier,0,6,13,1,6,6,6,406__13,1.9459101,36.0,36.0,137.0,26.966177899394488,110.0338221006055,110.0338221006055
40258508,94,65,courier,0,4,16,0,11,11,10,94__16,2.4849067,121.0,110.0,136.0,26.330039815929894,109.6699601840701,109.6699601840701
38950048,25,20,courier,0,5,17,1,7,7,5,25__17,2.0794415,49.0,35.0,164.0,54.89412894066202,109.10587105933797,109.10587105933797
40335122,292,102,courier,0,4,6,0,12,8,8,292__6,2.5649493,144.0,96.0,131.0,22.008990449138192,108.9910095508618,108.9910095508618
40358126,406,16,courier,0,5,16,1,13,5,5,406__16,2.6390574,169.0,65.0,140.0,31.134091646626135,108.86590835337387,108.86590835337387
40332143,674,12,courier,0,2,13,0,4,3,3,674__13,1.609438,16.0,12.0,145.0,36.927091295716394,108.0729087042836,108.0729087042836
40306631,373,1,courier,0,1,5,0,16,6,4,373__5,2.8332133,256.0,64.0,151.0,43.0264417284534,107.97355827154661,107.97355827154661
40244759,5,6,courier,0,4,7,0,9,2,2,5__7,2.3025851,81.0,18.0,143.0,35.257155829486635,107.74284417051337,107.74284417051337
40257127,94,65,courier,0,4,15,0,4,4,3,94__15,1.609438,16.0,12.0,128.0,20.260689686685666,107.73931031331433,107.73931031331433
40205600,40,40,courier,0,0,6,0,5,5,5,40__6,1.7917595,25.0,25.0,127.0,19.578809639267106,107.4211903607329,107.4211903607329
38980406,25,20,courier,0,1,18,0,5,4,3,25__18,1.7917595,25.0,15.0,165.0,57.78573505600435,107.21426494399566,107.21426494399566
40335376,292,102,courier,0,4,6,0,16,11,11,292__6,2.8332133,256.0,176.0,133.0,26.109225814049513,106.89077418595049,106.89077418595049
40335158,252,1,courier,0,4,7,0,16,14,13,252__7,2.8332133,256.0,208.0,130.0,23.15420775724872,106.84579224275129,106.84579224275129
40400587,585,33,pickup,0,2,7,0,17,10,7,585__7,2.8903718,289.0,119.0,136.0,29.176897980059344,106.82310201994065,106.82310201994065
40335323,292,102,courier,0,4,6,0,9,9,9,292__6,2.3025851,81.0,81.0,131.0,24.383153204172952,106.61684679582704,106.61684679582704
40048510,5,6,pickup,0,6,15,1,1,1,1,5__15,0.6931472,1.0,1.0,122.0,15.403830373644885,106.59616962635512,106.59616962635512
38980484,25,20,courier,0,1,18,0,9,6,5,25__18,2.3025851,81.0,45.0,165.0,58.477498806825075,106.52250119317492,106.52250119317492
40340049,312,98,courier,0,4,12,0,21,8,6,312__12,3.0910425,441.0,126.0,130.0,24.09096342937308,105.90903657062692,105.90903657062692
40258429,94,65,courier,0,4,16,0,7,4,4,94__16,2.0794415,49.0,28.0,131.0,25.106787010346142,105.89321298965386,105.89321298965386
40180302,456,44,courier,0,5,8,1,6,6,6,456__8,1.9459101,36.0,36.0,135.0,29.34335706112072,105.65664293887929,105.65664293887929
40337130,606,98,courier,0,4,11,0,8,6,5,606__11,2.1972246,64.0,40.0,128.0,22.50422640642196,105.49577359357804,105.49577359357804
40380566,388,127,courier,0,0,13,0,5,5,5,388__13,1.7917595,25.0,25.0,138.0,33.05207740340556,104.94792259659444,104.94792259659444
40255620,94,65,courier,0,4,14,0,6,6,5,94__14,1.9459101,36.0,30.0,127.0,22.57496405511968,104.42503594488032,104.42503594488032
38958563,25,20,courier,0,6,13,1,12,7,7,25__13,2.5649493,144.0,84.0,169.0,64.57946362290174,104.42053637709826,104.42053637709826
40331255,627,233,courier,0,2,12,0,5,3,3,627__12,1.7917595,25.0,15.0,127.0,23.167397817213217,103.83260218278679,103.83260218278679
40336758,606,98,courier,0,4,11,0,7,7,7,606__11,2.0794415,49.0,49.0,126.0,22.407600402058947,103.59239959794105,103.59239959794105
40255432,94,65,courier,0,4,14,0,13,10,10,94__14,2.6390574,169.0,130.0,129.0,25.416912462984374,103.58308753701563,103.58308753701563
40334711,574,123,courier,0,4,6,0,8,6,6,574__6,2.1972246,64.0,48.0,136.0,32.43088914179732,103.56911085820268,103.56911085820268
39281075,3,4,courier,0,5,19,1,3,3,3,3__19,1.3862944,9.0,9.0,127.0,23.564498386648374,103.43550161335162,103.43550161335162
38655154,447,49,courier,0,2,16,0,9,5,5,447__16,2.3025851,81.0,45.0,145.0,41.598024945569776,103.40197505443022,103.40197505443022
40353696,406,16,courier,0,5,13,1,6,5,5,406__13,1.9459101,36.0,30.0,132.0,28.65281631402193,103.34718368597807,103.34718368597807
40334739,574,123,courier,0,4,6,0,9,7,6,574__6,2.3025851,81.0,54.0,134.0,31.387671060955054,102.61232893904494,102.61232893904494
40248228,292,102,courier,0,4,9,0,8,6,4,292__9,2.1972246,64.0,32.0,124.0,21.430946143993488,102.56905385600652,102.56905385600652
39281083,3,4,courier,0,5,19,1,7,5,5,3__19,2.0794415,49.0,35.0,124.0,22.280494850362363,101.71950514963764,101.71950514963764
40321718,252,1,courier,0,2,3,0,6,6,5,252__3,1.9459101,36.0,30.0,127.0,25.685296414705217,101.31470358529478,101.31470358529478
40355718,406,16,courier,0,5,14,1,9,9,8,406__14,2.3025851,81.0,72.0,130.0,29.670016823813864,100.32998317618613,100.32998317618613
38009367,548,206,courier,0,3,15,0,8,5,5,548__15,2.1972246,64.0,40.0,146.0,45.73104084558657,100.26895915441344,100.26895915441344
40248189,292,102,courier,0,4,8,0,3,3,3,292__8,1.3862944,9.0,9.0,125.0,24.78338828371244,100.21661171628756,100.21661171628756
40099984,327,33,pickup,0,5,7,1,13,7,4,327__7,2.6390574,169.0,52.0,130.0,29.908512928113527,100.09148707188648,100.09148707188648
40331917,98,1,pickup,0,2,13,0,13,8,8,98__13,2.6390574,169.0,104.0,133.0,33.08831239353167,99.91168760646832,99.91168760646832
40302319,87,54,courier,0,0,15,0,13,8,6,87__15,2.6390574,169.0,78.0,130.0,30.240110074317112,99.75988992568288,99.75988992568288
38699154,348,80,courier,0,6,9,1,14,6,6,348__9,2.7080503,196.0,84.0,128.0,28.607331004313036,99.39266899568696,99.39266899568696
40224949,388,127,courier,0,2,9,0,42,8,8,388__9,3.7612002,1764.0,336.0,50.0,149.0,99.0,-99.0
40148855,591,1,pickup,0,2,11,0,7,7,7,591__11,2.0794415,49.0,49.0,119.0,20.20950949323435,98.79049050676565,98.79049050676565
40331893,307,7,courier,0,2,13,0,4,3,3,307__13,1.609438,16.0,12.0,116.0,17.32194903566742,98.67805096433258,98.67805096433258
40250276,591,1,pickup,0,4,11,0,6,5,5,591__11,1.9459101,36.0,30.0,120.0,21.34054658784272,98.65945341215728,98.65945341215728
40336556,606,98,courier,0,4,11,0,6,5,5,606__11,1.9459101,36.0,30.0,125.0,26.749318971931793,98.25068102806821,98.25068102806821
38703346,348,80,courier,0,6,13,1,13,7,7,348__13,2.6390574,169.0,91.0,128.0,29.84882892031186,98.15117107968814,98.15117107968814
40308033,284,27,pickup,0,1,7,0,28,10,6,284__7,3.3672957,784.0,168.0,148.0,49.85605830587562,98.14394169412438,98.14394169412438
40248121,292,102,courier,0,4,8,0,8,6,6,292__8,2.1972246,64.0,48.0,125.0,26.888758943122127,98.11124105687787,98.11124105687787
40187199,47,1,courier,0,5,14,1,8,7,6,47__14,2.1972246,64.0,48.0,133.0,35.07635992697328,97.92364007302672,97.92364007302672
40405862,557,23,pickup,0,2,12,0,5,4,4,557__12,1.7917595,25.0,20.0,121.0,23.080796624294674,97.91920337570532,97.91920337570532
40339230,312,98,courier,0,4,11,0,5,4,4,312__11,1.7917595,25.0,20.0,123.0,25.105555985664036,97.89444401433596,97.89444401433596
40375273,557,23,courier,0,0,8,0,10,7,7,557__8,2.3978953,100.0,70.0,134.0,36.30329259404657,97.69670740595343,97.69670740595343
40357849,406,16,courier,0,5,16,1,4,4,4,406__16,1.609438,16.0,16.0,128.0,30.341119901554137,97.65888009844586,97.65888009844586
40390031,606,98,courier,0,1,11,0,5,4,4,606__11,1.7917595,25.0,20.0,124.0,26.381885719005147,97.61811428099486,97.61811428099486
38980230,25,20,courier,0,1,18,0,1,1,1,25__18,0.6931472,1.0,1.0,141.0,43.41511692068929,97.58488307931071,97.58488307931071
40307036,373,1,courier,0,1,5,0,8,6,6,373__5,2.1972246,64.0,48.0,136.0,38.7199691610193,97.28003083898071,97.28003083898071
40248105,292,102,courier,0,4,8,0,8,5,5,292__8,2.1972246,64.0,40.0,117.0,19.940322401515044,97.05967759848495,97.05967759848495
40257536,94,65,courier,0,4,15,0,15,5,5,94__15,2.7725887,225.0,75.0,131.0,34.193985435754215,96.80601456424579,96.80601456424579
40370906,406,16,courier,0,6,16,1,7,7,6,406__16,2.0794415,49.0,42.0,123.0,26.25054180926296,96.74945819073704,96.74945819073704
40331803,674,12,courier,0,2,13,0,7,5,5,674__13,2.0794415,49.0,35.0,128.0,31.316681992533223,96.68331800746678,96.68331800746678
40387377,292,102,courier,0,1,8,0,11,8,6,292__8,2.4849067,121.0,66.0,118.0,21.55602685608616,96.44397314391384,96.44397314391384
40370909,406,16,courier,0,6,16,1,12,10,8,406__16,2.5649493,144.0,96.0,126.0,29.69642558875514,96.30357441124485,96.30357441124485
40337830,304,75,courier,0,4,10,0,13,6,6,304__10,2.6390574,169.0,78.0,124.0,27.850318590341217,96.14968140965878,96.14968140965878
40335374,292,102,courier,0,4,6,0,12,7,6,292__6,2.5649493,144.0,72.0,121.0,24.938312118154748,96.06168788184524,96.06168788184524
40351769,406,16,courier,0,5,11,1,9,5,4,406__11,2.3025851,81.0,36.0,124.0,28.01017696804561,95.98982303195439,95.98982303195439
40332060,674,12,courier,0,2,13,0,10,7,6,674__13,2.3978953,100.0,60.0,134.0,38.06677479174282,95.93322520825717,95.93322520825717
40240892,87,54,courier,0,3,15,0,3,3,3,87__15,1.3862944,9.0,9.0,122.0,26.21186133272108,95.78813866727891,95.78813866727891
40339402,312,98,courier,0,4,12,0,3,3,3,312__12,1.3862944,9.0,9.0,118.0,22.294465758377285,95.70553424162271,95.70553424162271
40368198,406,16,courier,0,6,14,1,6,6,4,406__14,1.9459101,36.0,24.0,124.0,28.400556116451515,95.59944388354849,95.59944388354849
40335025,292,102,courier,0,4,6,0,9,6,6,292__6,2.3025851,81.0,54.0,116.0,20.43961538953522,95.56038461046478,95.56038461046478
40355324,406,16,courier,0,5,14,1,15,7,7,406__14,2.7725887,225.0,105.0,124.0,28.725807298358184,95.27419270164182,95.27419270164182
40337407,277,7,courier,0,4,10,0,14,6,5,277__10,2.7080503,196.0,70.0,114.0,18.8530296434482,95.1469703565518,95.1469703565518
40216148,69,53,courier,0,1,10,0,9,5,5,69__10,2.3025851,81.0,45.0,140.0,44.989356821749695,95.0106431782503,95.0106431782503
38703216,348,80,courier,0,6,13,1,8,6,5,348__13,2.1972246,64.0,40.0,121.0,26.30832887726196,94.69167112273804,94.69167112273804
40332074,307,7,courier,0,2,13,0,6,6,6,307__13,1.9459101,36.0,36.0,112.0,17.654286657969532,94.34571334203046,94.34571334203046
40339413,312,98,courier,0,4,12,0,6,6,6,312__12,1.9459101,36.0,36.0,119.0,25.16965742062832,93.83034257937169,93.83034257937169
40366141,406,16,courier,0,6,12,1,9,5,5,406__12,2.3025851,81.0,45.0,121.0,27.193258490544903,93.8067415094551,93.8067415094551
40100641,327,33,pickup,0,5,7,1,7,6,6,327__7,2.0794415,49.0,42.0,129.0,35.31548788190055,93.68451211809945,93.68451211809945
40399712,406,16,courier,0,2,6,0,5,5,5,406__6,1.7917595,25.0,25.0,125.0,31.43532905964305,93.56467094035695,93.56467094035695
40358811,406,16,courier,0,5,17,1,6,5,4,406__17,1.9459101,36.0,24.0,115.0,21.47877964649981,93.52122035350018,93.52122035350018
38943644,25,20,courier,0,5,12,1,13,5,5,25__12,2.6390574,169.0,65.0,151.0,57.50430484773155,93.49569515226845,93.49569515226845
40268226,77,9,courier,0,5,11,1,9,5,5,77__11,2.3025851,81.0,45.0,109.0,15.680534033025788,93.3194659669742,93.3194659669742
40339234,312,98,courier,0,4,11,0,7,6,6,312__11,2.0794415,49.0,42.0,121.0,27.68060692823448,93.31939307176552,93.31939307176552
38678320,348,80,courier,0,4,15,0,10,6,6,348__15,2.3978953,100.0,60.0,120.0,27.000518026789713,92.9994819732103,92.9994819732103
40339081,312,98,courier,0,4,11,0,4,4,4,312__11,1.609438,16.0,16.0,116.0,23.374448773478147,92.62555122652185,92.62555122652185
40314089,47,1,courier,0,1,13,0,10,10,10,47__13,2.3978953,100.0,100.0,126.0,33.4219593485879,92.5780406514121,92.5780406514121
40332117,98,1,pickup,0,2,13,0,20,11,8,98__13,3.0445225,400.0,160.0,120.0,27.619024079356084,92.38097592064392,92.38097592064392
38943057,25,20,courier,0,5,12,1,9,5,5,25__12,2.3025851,81.0,45.0,150.0,57.749876618826946,92.25012338117305,92.25012338117305
40337342,103,32,courier,0,4,10,0,4,4,3,103__10,1.609438,16.0,12.0,110.0,17.83622396639436,92.16377603360564,92.16377603360564
38973844,25,20,courier,0,1,9,0,9,8,6,25__9,2.3025851,81.0,54.0,146.0,53.88010740468449,92.11989259531552,92.11989259531552
40257776,94,65,courier,0,4,15,0,10,7,7,94__15,2.3978953,100.0,70.0,114.0,21.93928649647638,92.06071350352362,92.06071350352362
38653605,348,80,courier,0,2,15,0,4,4,4,348__15,1.609438,16.0,16.0,116.0,24.231836648671884,91.76816335132811,91.76816335132811
40397006,422,48,pickup,0,1,16,0,15,9,9,422__16,2.7725887,225.0,135.0,113.0,21.2873479125949,91.7126520874051,91.7126520874051
40387267,292,102,courier,0,1,7,0,11,10,8,292__7,2.4849067,121.0,88.0,118.0,26.30794103568955,91.69205896431045,91.69205896431045
40391891,94,65,courier,0,1,12,0,7,5,5,94__12,2.0794415,49.0,35.0,118.0,26.416278965594724,91.58372103440527,91.58372103440527
40358812,406,16,courier,0,5,17,1,7,5,5,406__17,2.0794415,49.0,35.0,113.0,21.468168842999066,91.53183115700094,91.53183115700094
40338050,304,75,courier,0,4,10,0,15,7,6,304__10,2.7725887,225.0,90.0,110.0,18.746210686753674,91.25378931324633,91.25378931324633
40392602,591,1,courier,0,1,13,0,10,9,8,591__13,2.3978953,100.0,80.0,115.0,23.763289649312238,91.23671035068776,91.23671035068776
38962066,25,20,courier,0,6,16,1,9,5,5,25__16,2.3025851,81.0,45.0,157.0,65.98869742914854,91.01130257085146,91.01130257085146
40355365,406,16,courier,0,5,14,1,4,4,4,406__14,1.609438,16.0,16.0,120.0,29.030755852286475,90.96924414771352,90.96924414771352
40306323,47,1,courier,0,1,4,0,6,5,5,47__4,1.9459101,36.0,30.0,126.0,35.183431584689004,90.816568415311,90.816568415311
40337728,304,75,courier,0,4,10,0,9,9,9,304__10,2.3025851,81.0,81.0,107.0,16.334439138332783,90.66556086166722,90.66556086166722
40334924,292,102,courier,0,4,6,0,4,3,3,292__6,1.609438,16.0,12.0,111.0,20.64225470773492,90.35774529226508,90.35774529226508
40358993,406,16,courier,0,5,17,1,6,3,3,406__17,1.9459101,36.0,18.0,116.0,25.652808416794322,90.34719158320567,90.34719158320567
40355148,406,16,courier,0,5,14,1,6,6,5,406__14,1.9459101,36.0,30.0,118.0,27.697332544460394,90.3026674555396,90.3026674555396
40334931,292,102,courier,0,4,6,0,11,7,5,292__6,2.4849067,121.0,55.0,110.0,19.750918763841014,90.24908123615899,90.24908123615899
38653331,348,80,courier,0,2,15,0,14,11,7,348__15,2.7080503,196.0,98.0,113.0,22.787507471590605,90.2124925284094,90.2124925284094
40187360,47,1,courier,0,5,14,1,9,7,4,47__14,2.3025851,81.0,36.0,124.0,33.93071595381047,90.06928404618952,90.06928404618952
40314067,47,1,courier,0,1,13,0,3,3,3,47__13,1.3862944,9.0,9.0,121.0,31.130153406151802,89.8698465938482,89.8698465938482
40336199,606,98,courier,0,4,11,0,5,5,5,606__11,1.7917595,25.0,25.0,112.0,22.33015644368978,89.66984355631021,89.66984355631021
40301588,87,54,pickup,0,0,15,0,4,3,3,87__15,1.609438,16.0,12.0,118.0,28.517542970509908,89.48245702949009,89.48245702949009
40337402,103,32,courier,0,4,10,0,8,7,7,103__10,2.1972246,64.0,56.0,110.0,20.83345925308149,89.16654074691851,89.16654074691851
40332102,307,7,courier,0,2,13,0,15,7,7,307__13,2.7725887,225.0,105.0,111.0,22.025297905597288,88.97470209440272,88.97470209440272
40335045,292,102,courier,0,4,6,0,13,12,11,292__6,2.6390574,169.0,143.0,113.0,24.117490037659735,88.88250996234027,88.88250996234027
40395273,370,32,courier,0,1,15,0,6,5,5,370__15,1.9459101,36.0,30.0,118.0,29.193252479265,88.806747520735,88.806747520735
40408017,408,1,courier,0,2,14,0,5,5,4,408__14,1.7917595,25.0,20.0,110.0,21.20041282582507,88.79958717417493,88.79958717417493
38674618,348,80,courier,0,4,13,0,6,4,4,348__13,1.9459101,36.0,24.0,112.0,23.206559337356975,88.79344066264302,88.79344066264302
40344597,265,77,courier,0,4,16,0,20,10,10,265__16,3.0445225,400.0,200.0,120.0,31.60688641229188,88.39311358770811,88.39311358770811
